Name,Score
"Road of the Peace - Ocelote, Sasha Krutoy YT2, Germinxvee",2270.0
Distorted Strawberry - redstom,1970.0
"The stone shrine-shawnic,ocelote",1670.0
Tower of true skill-zevorcen,1370.0
Meow Speedrun - redstom,1350.0
"Towering tree-tops - slooperd, redstom",1330.0
OB - Ghost dance-ocelote,1310.0
Eternal Frozurn Fate - Ocelote,1290.0
Stilted fortress-saarck,1270.0
Liquid - Ocelote,1250.0
OB - Snake Love   -ocelote,1230.0
[The Magnetic Void] - Ocelote,1210.0
OB - Slimy Road  -ocelote,1190.0
Trio Kaizo Infinity - Sasha & more,1170.0
Only blocks-06o,1150.0
Bombas de Ocelote - redstom,1130.0
Lanzimbo-ocelote,1110.0
"Ice Frostbite - Germinxvee, Sasha",1090.0
Abyssal Horizon - Saarck,1070.0
Annikillertor-ocelote,1050.0
Bob is Mad - Ocelote,1030.0
Cataclysmic Delusion - Raincube,1010.0
Kaizo 0 - Ocelote,990.0
Yatagarasu- lanzy-ulb,970.0
The last hope- lanzy-ulb,950.0
Dark Travel - MK Milxky Maker,930.0
"CATASTROPHIC MYSERY - RainCube, Ocelote",910.0
Kaizo SHIP - Ocelote,890.0
Mount Pyrlen - Saarck,870.0
Pyrlen Wastes - Saarck,850.0
Dunes of the Damned - Saarck,830.0
[Cliffside Precision - 1ts Al3x],810.0
"Tenebris - NoMilk, Germinxvee",790.0
Magnihell - Whatwhatw,770.0
Ice Shardnel - Germinxvee,750.0
Castle Shooter - AnDronolis,730.0
VS fake Ocelote - Ocelote,710.0
"Titan B18 V2- cat play,redstom",690.0
Long clover-   lanzy-ulb,670.0
Make longs kaizo jumps - redstom,650.0
Magnetic hard kaizo - Samuel CM,630.0
Kaizo - theredman3222,610.0
Red house - Wytems,590.0
Moonmarsh Madness-vsulner,570.0
Red Castle Kaizo - Ocelote,550.0
Sonic power-ocelote,530.0
Smash spire-vsulner,510.0
"[Infected Planet - Samuel CM, Ocelote]",490.0
Ablivision-Infernal CHAOS,470.0
Ladder Lunatics-vsulner,450.0
Forest hell - TheredMan3222,430.0
Extreme Worlds 1-T0ps 1,410.0
Lava Paradise - Ocelote,390.0
Magnetic easy kaizo-samuel CM,370.0
Harakiri-mecalo,350.0
[The Final PLANET-Samuel CM],330.0
the hardst-bradley,310.0
Moonl-Top1PL,290.0
A true nightmare - ITADORI,270.0
Internal Vortex,250.0
forest madness-andronolis,230.0
Speedrun-40 seconds - psychic,210.0
Spacex tower-greenystraw69,190.0
Dark Moon-Samuel CM,170.0
Cute Travel- Samunight CM,150.0
Tower of Worlds-Alexsound,130.0
kaizo 56 v2 x redux ex - Saarck,110.0
Cheese burrito 1 - alfajack343,90.0
Rocco Siffredi (DIED),70.0
Only Up-06o,0.0

Date,Comment,"Road of the Peace - Ocelote, Sasha Krutoy YT2, Germinxvee",Distorted Strawberry - redstom,"The stone shrine-shawnic,ocelote",Tower of true skill-zevorcen,Meow Speedrun - redstom,"Towering tree-tops - slooperd, redstom",OB - Ghost dance-ocelote,Eternal Frozurn Fate - Ocelote,Stilted fortress-saarck,Liquid - Ocelote,OB - Snake Love   -ocelote,[The Magnetic Void] - Ocelote,OB - Slimy Road  -ocelote,Trio Kaizo Infinity - Sasha & more,Only blocks-06o,Bombas de Ocelote - redstom,Lanzimbo-ocelote,"Ice Frostbite - Germinxvee, Sasha",Abyssal Horizon - Saarck,Annikillertor-ocelote,Bob is Mad - Ocelote,Cataclysmic Delusion - Raincube,Kaizo 0 - Ocelote,Yatagarasu- lanzy-ulb,The last hope- lanzy-ulb,Dark Travel - MK Milxky Maker,"CATASTROPHIC MYSERY - RainCube, Ocelote",Kaizo SHIP - Ocelote,Mount Pyrlen - Saarck,Pyrlen Wastes - Saarck,Dunes of the Damned - Saarck,[Cliffside Precision - 1ts Al3x],"Tenebris - NoMilk, Germinxvee",Magnihell - Whatwhatw,Ice Shardnel - Germinxvee,Castle Shooter - AnDronolis,VS fake Ocelote - Ocelote,"Titan B18 V2- cat play,redstom",Long clover-   lanzy-ulb,Make longs kaizo jumps - redstom,Magnetic hard kaizo - Samuel CM,Kaizo - theredman3222,Red house - Wytems,Moonmarsh Madness-vsulner,Red Castle Kaizo - Ocelote,Sonic power-ocelote,Smash spire-vsulner,"[Infected Planet - Samuel CM, Ocelote]",Ablivision-Infernal CHAOS,Ladder Lunatics-vsulner,Forest hell - TheredMan3222,Extreme Worlds 1-T0ps 1,Lava Paradise - Ocelote,Magnetic easy kaizo-samuel CM,Harakiri-mecalo,[The Final PLANET-Samuel CM],the hardst-bradley,Moonl-Top1PL,A true nightmare - ITADORI,Internal Vortex,forest madness-andronolis,Speedrun-40 seconds - psychic,Spacex tower-greenystraw69,Dark Moon-Samuel CM,Cute Travel- Samunight CM,Tower of Worlds-Alexsound,kaizo 56 v2 x redux ex - Saarck,Cheese burrito 1 - alfajack343,Rocco Siffredi (DIED),Only Up-06o
2025-06-10 18:53:49,"Updated following levels: Magnihell, The Magnetic Void, Slimy Road, Snake Love, Trio Kaizo Infinity, Dark Moon, Forest Madness",0.0,0.0,0.0,0.0,0.0,0.0,0.0,0.0,0.0,0.0,1130.0,1000.0,1110.0,930.0,0.0,0.0,0.0,0.0,0.0,0.0,0.0,0.0,0.0,0.0,0.0,0.0,0.0,0.0,0.0,0.0,0.0,0.0,0.0,670.0,0.0,0.0,0.0,0.0,0.0,0.0,0.0,0.0,0.0,0.0,0.0,0.0,0.0,0.0,0.0,0.0,0.0,0.0,0.0,0.0,0.0,0.0,0.0,0.0,0.0,0.0,190.0,0.0,0.0,180.0,0.0,0.0,0.0,0.0,0.0,0.0
2024-12-08 14:22:05,Moved Magnihell - whatwhatw to Top 2 due to Physics changes of the 1.6.0 update,0.0,0.0,0.0,0.0,0.0,0.0,0.0,0.0,0.0,700.0,0.0,0.0,0.0,0.0,0.0,670.0,0.0,0.0,0.0,0.0,0.0,0.0,0.0,0.0,0.0,0.0,0.0,0.0,0.0,0.0,0.0,0.0,0.0,730.0,0.0,0.0,0.0,0.0,0.0,0.0,0.0,0.0,0.0,0.0,0.0,0.0,0.0,0.0,0.0,0.0,0.0,0.0,0.0,0.0,0.0,0.0,0.0,0.0,0.0,0.0,0.0,0.0,0.0,0.0,0.0,0.0,0.0,0.0,0.0,0.0
2024-11-09 17:38:07,Test,0.0,0.0,0.0,0.0,0.0,0.0,0.0,0.0,0.0,0.0,0.0,0.0,0.0,0.0,0.0,0.0,0.0,0.0,0.0,0.0,0.0,0.0,0.0,0.0,0.0,0.0,0.0,0.0,0.0,0.0,0.0,0.0,0.0,0.0,0.0,0.0,0.0,0.0,0.0,0.0,0.0,0.0,0.0,0.0,0.0,0.0,0.0,0.0,0.0,0.0,0.0,0.0,0.0,0.0,0.0,0.0,0.0,0.0,0.0,0.0,0.0,0.0,0.0,0.0,0.0,0.0,0.0,0.0,0.0,0.0
